nota,ref,hash,acao,contexto_outro_lado
01.1 - Obj.,image (4).png,580ef9a55b3903ccf1a128070c11802c,REENVIAR imagem (frente só com imagem: enunciado ilegível),"CERTO O enunciado apresenta uma informação como um FATO INQUESTIONÁVEL: há uma relação positiva entre criminalidade e gastos com o consumo de drogas A demanda por drogas é preço-inelástica: ou seja, mesmo se aumentar o p"
01.1 - Obj.,image (9).png,9787d721f82f03c838c1c719210a8bb0,REENVIAR imagem (frente só com imagem: enunciado ilegível),"ASSERTIVA 1 - FALSO Levaria a uma retração da demanda. O contrário do que é afirmado. ASSERTIVA 2 - FALSO Ocorrerá a expansão da oferta doméstica, e o preço vai cair. A demanda continua a mesma."
01.1 - Obj.,image (16).png,7e8ee163a6d35458382f2e51e9888e28,REENVIAR imagem (frente só com imagem: enunciado ilegível),CORRETO Diminui a renda do país (recessão) > diminui a demanda > diminui o preço
01.1 - Obj.,image (11).png,8910b0a2fefbaff1561654866338fb29,REENVIAR imagem (frente só com imagem: enunciado ilegível),CORRETO Expande a oferta > o preço cai > o governo tem q comprar pra manter a demanda
01.1 - Obj.,image (21).png,35c61be06a201c80f2448bb2df3b3cad,REENVIAR imagem (frente só com imagem: enunciado ilegível),"LETRA A No equilíbrio de mercado, as curvas de oferta e demanda se interceptam. Algebricamente, a condição de estabelece da segiunte maneira: Qd = Qo 10 - 3p = 5 + 2p 5p = 5 P = 1 GABARITO: LETRA A"
01.1 - Obj.,image (15).png,a88be14c432d69ae746a8a3a33a86c21,REENVIAR imagem (frente só com imagem: enunciado ilegível),
04.1 - Obj.,image (61).png,b559f100da3d66839f941fa6ece2e24b,REENVIAR imagem (frente só com imagem: enunciado ilegível),CERTO É exatamente o axioma da monotonicidade das preferências. 🤌 CERTO NO GABARITO NÃO ALTERADO. ERRADA OU ANULADA NA OPINIÃO DO PROFESSOR A assertiva está mal escrita e poderia ser considerada incompleta ou até mesmo e
04.1 - Obj.,image (70).png,a0be22c2856d02aabdea5dc22f6f0c85,REENVIAR imagem (frente só com imagem: enunciado ilegível),CORRETO É o caso dos bens substitutos perfeitos. ❌ CORRETO Descreve-se um aumento na renda. Tal hipótese descrita só será verdadeirea quando se tiver um bem normal junto com um bem inferior. ERRADO Descreveu-se um bem ne
08.1 - Obj.,image (98).png,fdd32b02683ebf5851b888bb4b1bf427,REENVIAR imagem ou reconstruir pelo comentário,"1 Errado. Em monopólio, a quantidade produzida que maximiza o lucro é dada pelo cruzamento da curva de custo marginal com a de receita marginal, ausente do gráfico. Questão que versa sobre monopólio. Cuidado com a pegadi"
17.1 - Obj.,image (129).png,ecc0ff8c25c3e545ad5e0a04c6daa211,REENVIAR imagem ou reconstruir pelo comentário,CERTO Vamos lá... Vamos revisar os conceitos usando como referência a tabela do PIB do Brasil de 2015 (não é a do enunciado) a partir da ótica da PRODUÇÃO PIB cf = valor da produção menos o consumo intermediário (tirando
17.1 - Obj.,image (136).png,5b296120846230e03773d42846dd2f3e,REENVIAR imagem (frente só com imagem: enunciado ilegível),
17.1 - Obj.,image (133).png,1c6f501121090b5cbd3e3edea6231623,REENVIAR imagem (frente só com imagem: enunciado ilegível),
35.1 - Obj.,image (165).png,54e06d85989bc0d9d7391d5edbd8fe56,REENVIAR imagem (frente só com imagem: enunciado ilegível),"CERTO . A questão está terrivelmente mal elaborada. Acaba por confundir a análise do candidato, uma vez que mescla funções do Bacen. Via de regra não há nenhuma incompatibilidade no que foi falado. Realmente, o BC é o ba"
48.1 - Obj.,image (179).png,59f05ee20198468613c8880391006aa9,REENVIAR imagem (frente só com imagem: enunciado ilegível),"Errado: A soma das elasticidades-renda, ponderadas pela participação dos gastos na renda (que é sempre positiva entre zero e um), resulta em um (1). Portanto, não seria possível ter dois bens de luxo (em que a elasticida"
48.1 - Obj.,image (194).png,7687e0011b0b5f2df741b387b6a8f97c,REENVIAR imagem (frente só com imagem: enunciado ilegível),"Certo: O efeito substituição é a modificação no consumo de um bem associada a uma variação em seu preço, mantendo-se constante o nível de utilidade (renda)."
48.1 - Obj.,image (178).png,f581a25e0326e338dab2657e26d93864,REENVIAR imagem (frente só com imagem: enunciado ilegível),Errado: Preferir mais a menos é característica da propriedade de monotonicidade. Não tem relação com a propriedade da transitividade.
48.1 - Obj.,image (182).png,8462732c46017d0a7c99f7efa5f0166f,REENVIAR imagem (frente só com imagem: enunciado ilegível),"Certo: Ao longo da curva de demanda há diferentes utilidades associadas. O nível de utilidade vai decrescendo à medida que o preço do bem aumenta, com a renda e o preço de outros bens constantes."
48.1 - Obj.,image (196).png,110ec9abc6f0ff37b13dcd93ff9511b4,REENVIAR imagem (frente só com imagem: enunciado ilegível),
48.1 - Obj.,image (190).png,26591a80f72a3ffd0c781969defd5bad,REENVIAR imagem (frente só com imagem: enunciado ilegível),
48.1 - Obj.,image (183).png,000398c268a2d16640aa84ef11a6bd24,REENVIAR imagem (frente só com imagem: enunciado ilegível),
48.1 - Obj.,image (180).png,64d0c2f3d5ce1d453124353cf6a6b966,REENVIAR imagem (frente só com imagem: enunciado ilegível),
48.1 - Obj.,image (189).png,7f84ce9aff9f3ae16c873a7c8950e3db,REENVIAR imagem (frente só com imagem: enunciado ilegível),"Errado: Para a economia se manter em equilíbrio, algum componente da demanda agregada terá que cair, mas esse componente não é necessariamente o consumo privado. Por que a Assertiva está Errada? Efeito Multiplicador: Aum"
48.1 - Obj.,image (188).png,4b6fd7d587baee0ddd54ddd756bde36e,REENVIAR imagem (frente só com imagem: enunciado ilegível),"Errado: A partir do modelo IS-LM podemos construir a curva de DA, mas nada podemos intuir sobre a OA. Esta irá depender do modelo teórico que se considera (nos “clássicos”, ela é vertical e, para os “keynesianos”, ela é "
48.1 - Obj.,image (185).png,0eaa560aa41a2344adf3c01ec97f360c,REENVIAR imagem (frente só com imagem: enunciado ilegível),"A assertiva está errada porque, no modelo IS-LM-BP com mobilidade perfeita de capitais e câmbio flexível, uma expansão monetária na verdade provoca uma depreciação cambial, não uma apreciação. Vamos explicar e justificar"
48.1 - Obj.,image (181).png,423422befeeecfa298ac146bfc4b4af8,REENVIAR imagem (frente só com imagem: enunciado ilegível),"A assertiva está errada porque, no modelo IS-LM-BP com mobilidade perfeita de capitais e câmbio flexível, uma expansão monetária na verdade provoca uma depreciação cambial, não uma apreciação. Vamos explicar e justificar"
48.1 - Obj.,image (186).png,7c5d6a80ed7aa8ce32e5caf7f58a9ba5,REENVIAR imagem (frente só com imagem: enunciado ilegível),Certo: O crescimento que expande desproporcionalmente as possibilidades de produção de um país na direção do bem que ele exporta é um crescimento enviesado pela exportação. O crescimento enviesado pela exportação aumenta
48.1 - Obj.,image (187).png,14781d59eb02e758029e463840b0a912,REENVIAR imagem (frente só com imagem: enunciado ilegível),"Errado: Para uma economia de grande porte, uma tarifa aduaneira aumenta o preço em Doméstica enquanto baixa o preço em Estrangeira. Nesse caso, os produtores ganham, os consumidores perdem e o governo ganha arrecadando. "
48.1 - Obj.,image (193).png,d20091d8d9d28e6d96e37b81ed0ea4fa,REENVIAR imagem (frente só com imagem: enunciado ilegível),Errado: A teoria de Linder defende justamente que a produção de bens para exportação é fortemente influenciada pela demanda doméstica. Linder argumenta que um produto só se torna uma exportação potencial se houver uma de
48.1 - Obj.,image (191).png,7ec29283cb51554885d85298ab6f6eb0,REENVIAR imagem (frente só com imagem: enunciado ilegível),"Errado: A Instrução nº 113 da Sumoc foi baixada em 1955, no Governo Café Filho. INSTRUÇÃO 113 Medida tomada pela Superintendência da Moeda e do Crédito (Sumoc) em 17 de janeiro de 1955 durante o governo de João Café Filh"
48.1 - Obj.,image (175).png,508986a861d65ac1267590492658b805,REENVIAR imagem (frente só com imagem: enunciado ilegível),"Errado: A Instrução nº 113 da Sumoc foi baixada em 1955, no Governo Café Filho. INSTRUÇÃO 113 Medida tomada pela Superintendência da Moeda e do Crédito (Sumoc) em 17 de janeiro de 1955 durante o governo de João Café Filh"
70.1 - Obj.,image (291).png,0f8b8e736a2189a803a930fb726fc381,REENVIAR imagem ou reconstruir pelo comentário,"ERRADO Vamos lá! Primeiro: taxa de câmbio fixo significa q o BACEN mantém o valor do câmbio, caso esse se desloque Perfeita mobilidade de capitais = BP uma é linha reta (a taxa de juros nacional sempre confluirá para se "
70.1 - Obj.,image (290).png,42e811cca6183cdf6644028e04d674e7,REENVIAR imagem ou reconstruir pelo comentário,CORRETO Lembrando que o BP é o equilíbrio do balanço de pagamentos (saldo zero = equilíbrio no balanço de pagamentos) mostra todas as combinações de renda e juros que equilibram a balança de pagamentos BP = 0 quer dizer 
70.1 - Obj.,image (289).png,cdf7eeb3d162afc832e977a627ca9620,REENVIAR imagem ou reconstruir pelo comentário,"CERTO Mas não apenas em uma economia sem mobilidade de capitais. Qualquer que seja a situação, sempre quanto maior for o grau de abertura, MENOR será o impacto da política fiscal sobre o produto (Y). O EFEITO MULTIPLICAD"
70.1 - Obj.,image (295).png,b7fc3f3e159c278ae73f3bcb11860b38,REENVIAR imagem ou reconstruir pelo comentário,"CERTO Em um regime de câmbio fixo com perfeita mobilidade de capitais, a oferta de moeda tem que aumentar ou diminuir em função da manutenção do cãmbio. No modelo IS-LM-BP com câmbio fixo e perfeita mobilidade de capitai"
70.1 - Obj.,image (294).png,3a7f409e9bab53037cb12b1a6524d3c1,REENVIAR imagem ou reconstruir pelo comentário,"CERTO No modelo IS-LM-BP com câmbio fixo e perfeita mobilidade de capitais, TEM-SE A MÁXIMA EFICÁCIA DA POLÍTICA FISCAL. Pq? PQ NÃO VAI ACONTECER O EFEITO CROWDING OUT. Quanto mais alta a mobilidade de capitais, menos su"
76.1 - Obj.,image (306).png,ebfccb8cebeb355b17521e5c528a788d,REENVIAR imagem ou reconstruir pelo comentário,Errado. A conta de serviços é formada por todos os pagamentos fatores e não fatores. Logo a conta correta do déficit da Conta de Serviços é dada pela somatória das quatro últimas linhas da tabela acima adicionadas à cont
